 ,link1,link2,link3,link4,link5,link6,link7,link8,link9,link10,link11,link12,link13,link14,link15,link16,link17,link18,link19,link20,link21,link22,link23,link24,link25,link26,link27,link28,link29,link30,link31,link32,link33,link34,link35,link36,link37,link38,link39,link40,link41,link42,link43,link44,link45,link46,link47,link48,link49,link50,link51,link52,link53,link54,link55,link56,link57,link58,link59,link60,link61,link62,link63,link64,link65,link66,link67,link68,link69,link70,link71,link72,link73,link74,link75,link76
1,  0.013158,  0.013158,  0.013158,  0.013158,  0.013158,  0.013158,  0.013158,  0.013158,  0.013158,  0.013158,  0.013158,  0.013158,  0.013158,  0.013158,  0.013158,  0.013158,  0.013158,  0.013158,  0.013158,  0.013158,  0.013158,  0.013158,  0.013158,  0.013158,  0.013158,  0.013158,  0.013158,  0.013158,  0.013158,  0.013158,  0.013158,  0.013158,  0.013158,  0.013158,  0.013158,  0.013158,  0.013158,  0.013158,  0.013158,  0.013158,  0.013158,  0.013158,  0.013158,  0.013158,  0.013158,  0.013158,  0.013158,  0.013158,  0.013158,  0.013158,  0.013158,  0.013158,  0.013158,  0.013158,  0.013158,  0.013158,  0.013158,  0.013158,  0.013158,  0.013158,  0.013158,  0.013158,  0.013158,  0.013158,  0.013158,  0.013158,  0.013158,  0.013158,  0.013158,  0.013158,  0.013158,  0.013158,  0.013158,  0.013158,  0.013158,  0.013158
2,  0.006555,  0.006900,  0.006555,  0.009488,  0.006900,  0.010581,  0.008971,  0.010581,  0.008079,  0.010437,  0.008079,  0.012133,  0.010063,  0.009488,  0.012133,  0.009919,  0.006944,  0.007562,  0.009919,  0.006944,  0.002300,  0.021708,  0.010063,  0.002300,  0.014663,  0.014750,  0.029111,  0.021305,  0.075660,  0.000000,  0.010609,  0.028824,  0.020011,  0.017596,  0.008971,  0.020011,  0.010954,  0.011041,  0.013226,  0.017596,  0.013010,  0.009143,  0.021478,  0.013010,  0.016130,  0.020184,  0.021708,  0.075929,  0.015354,  0.012421,  0.000000,  0.015354,  0.012593,  0.007562,  0.012507,  0.013628,  0.016130,  0.012593,  0.005520,  0.013628,  0.005520,  0.007590,  0.007691,  0.007418,  0.007878,  0.011645,  0.020184,  0.007691,  0.007878,  0.009603,  0.009143,  0.009603,  0.003278,  0.013226,  0.011558,  0.003278
3,  0.006326,  0.006668,  0.006326,  0.009266,  0.006668,  0.010831,  0.008294,  0.010831,  0.008040,  0.011501,  0.008040,  0.013965,  0.011821,  0.009266,  0.013965,  0.009170,  0.007253,  0.007020,  0.009170,  0.007253,  0.003816,  0.019605,  0.011821,  0.003816,  0.015312,  0.015403,  0.026994,  0.023842,  0.073301,  0.000000,  0.011678,  0.026662,  0.017045,  0.015665,  0.008294,  0.017045,  0.011017,  0.011105,  0.014824,  0.015665,  0.010112,  0.009085,  0.024035,  0.010112,  0.016959,  0.021716,  0.019605,  0.073628,  0.015699,  0.011509,  0.000000,  0.015699,  0.012796,  0.007020,  0.011598,  0.013249,  0.016959,  0.012796,  0.005635,  0.013249,  0.005635,  0.007356,  0.007526,  0.007183,  0.008480,  0.012747,  0.021716,  0.007526,  0.008480,  0.012249,  0.009085,  0.012249,  0.003120,  0.014824,  0.012658,  0.003120
4,  0.006233,  0.006574,  0.006233,  0.009169,  0.006574,  0.011419,  0.007527,  0.011419,  0.007945,  0.012444,  0.007945,  0.013945,  0.011770,  0.009169,  0.013945,  0.009066,  0.007162,  0.006922,  0.009066,  0.007162,  0.003755,  0.019619,  0.011770,  0.003755,  0.015293,  0.015386,  0.026952,  0.024133,  0.074516,  0.000000,  0.012624,  0.030121,  0.016631,  0.016293,  0.007527,  0.016631,  0.010595,  0.010685,  0.014360,  0.018951,  0.010825,  0.008990,  0.020219,  0.010825,  0.016979,  0.021362,  0.019619,  0.074864,  0.015682,  0.011244,  0.000000,  0.015682,  0.012731,  0.006922,  0.011333,  0.013406,  0.016979,  0.012731,  0.005550,  0.013406,  0.005550,  0.007589,  0.007429,  0.007417,  0.008060,  0.012358,  0.019323,  0.007429,  0.008060,  0.012217,  0.011542,  0.009639,  0.003060,  0.014360,  0.012267,  0.003060
5,  0.006355,  0.006703,  0.006355,  0.009367,  0.006703,  0.011698,  0.007671,  0.011010,  0.008110,  0.012771,  0.008110,  0.014314,  0.012063,  0.009367,  0.014314,  0.009258,  0.007309,  0.007059,  0.009258,  0.007309,  0.003826,  0.020160,  0.012063,  0.003826,  0.015700,  0.015796,  0.031451,  0.020700,  0.050429,  0.018406,  0.011921,  0.027630,  0.017038,  0.019451,  0.008348,  0.017038,  0.010832,  0.011440,  0.014733,  0.016095,  0.011064,  0.011791,  0.024967,  0.010202,  0.017452,  0.020464,  0.020160,  0.050779,  0.011028,  0.011495,  0.018406,  0.011028,  0.013042,  0.007059,  0.011588,  0.013739,  0.017452,  0.013042,  0.005657,  0.013739,  0.005657,  0.007748,  0.007581,  0.007571,  0.008229,  0.013179,  0.021931,  0.007581,  0.008567,  0.009888,  0.009232,  0.012467,  0.003113,  0.015435,  0.012566,  0.003113
6,  0.006209,  0.006551,  0.006209,  0.009166,  0.006551,  0.012142,  0.009478,  0.012802,  0.008592,  0.011516,  0.008592,  0.014050,  0.013517,  0.009166,  0.014050,  0.009056,  0.007146,  0.006898,  0.009056,  0.007146,  0.003737,  0.019805,  0.013517,  0.003737,  0.014372,  0.014467,  0.025677,  0.028438,  0.068824,  0.000000,  0.012695,  0.025317,  0.014595,  0.015783,  0.008827,  0.014595,  0.011110,  0.010704,  0.015145,  0.016467,  0.009986,  0.009024,  0.028651,  0.010814,  0.019071,  0.021620,  0.019805,  0.069185,  0.014414,  0.011254,  0.000000,  0.014414,  0.011535,  0.006898,  0.011345,  0.013472,  0.019071,  0.011535,  0.005526,  0.013472,  0.005526,  0.007577,  0.007412,  0.007404,  0.008379,  0.012419,  0.022139,  0.007412,  0.008053,  0.012243,  0.009024,  0.012243,  0.003037,  0.014473,  0.012826,  0.003037
7,  0.006312,  0.006660,  0.006312,  0.009325,  0.006660,  0.011692,  0.007639,  0.011691,  0.008075,  0.012758,  0.008075,  0.014323,  0.012077,  0.009325,  0.014323,  0.009212,  0.007267,  0.007013,  0.009212,  0.007267,  0.003798,  0.020200,  0.012077,  0.003798,  0.015690,  0.015788,  0.031746,  0.020871,  0.050365,  0.018691,  0.012945,  0.031364,  0.016969,  0.019516,  0.007639,  0.016969,  0.010800,  0.010893,  0.014749,  0.019516,  0.011007,  0.011781,  0.021082,  0.011007,  0.017534,  0.019980,  0.020200,  0.050721,  0.010943,  0.011453,  0.018691,  0.010943,  0.013001,  0.007013,  0.011546,  0.013724,  0.017534,  0.013001,  0.005617,  0.013724,  0.005617,  0.007707,  0.007537,  0.007530,  0.008190,  0.012648,  0.019978,  0.007537,  0.008190,  0.009851,  0.011781,  0.009851,  0.003085,  0.014749,  0.012553,  0.003085
8,  0.006140,  0.006479,  0.006140,  0.009078,  0.006479,  0.012060,  0.009393,  0.012060,  0.008512,  0.011431,  0.008512,  0.013965,  0.013446,  0.009078,  0.013965,  0.008967,  0.007072,  0.006823,  0.008967,  0.007072,  0.003694,  0.019704,  0.013446,  0.003694,  0.014269,  0.014364,  0.025651,  0.024479,  0.075147,  0.000000,  0.011613,  0.025285,  0.014451,  0.015705,  0.009394,  0.014451,  0.011016,  0.011106,  0.015060,  0.015705,  0.009883,  0.008955,  0.024690,  0.009883,  0.017098,  0.022057,  0.019704,  0.075517,  0.015504,  0.011152,  0.000000,  0.015504,  0.012670,  0.006823,  0.011243,  0.013374,  0.017098,  0.012670,  0.005464,  0.013374,  0.005464,  0.007501,  0.007334,  0.007328,  0.008298,  0.012828,  0.022056,  0.007334,  0.008298,  0.012139,  0.008955,  0.012139,  0.002999,  0.015061,  0.012735,  0.002999
9,  0.006147,  0.006487,  0.006147,  0.009092,  0.006487,  0.011422,  0.008763,  0.012765,  0.007873,  0.012461,  0.008529,  0.014002,  0.011810,  0.009092,  0.014002,  0.008980,  0.007082,  0.006831,  0.008980,  0.007082,  0.003698,  0.019761,  0.013497,  0.003698,  0.014294,  0.015424,  0.025693,  0.024600,  0.075806,  0.000000,  0.012645,  0.030797,  0.014457,  0.016425,  0.007449,  0.016547,  0.010538,  0.010629,  0.014421,  0.019104,  0.010728,  0.008963,  0.024631,  0.010728,  0.017145,  0.021620,  0.019761,  0.069396,  0.015568,  0.011171,  0.000000,  0.014314,  0.012700,  0.006831,  0.011262,  0.013404,  0.019069,  0.011458,  0.005470,  0.013404,  0.005470,  0.007511,  0.007344,  0.007339,  0.007984,  0.012354,  0.019555,  0.007344,  0.007984,  0.012178,  0.011508,  0.009608,  0.003001,  0.014421,  0.012261,  0.003001
10,  0.006282,  0.006630,  0.006282,  0.009295,  0.006630,  0.013055,  0.007617,  0.011007,  0.008717,  0.012751,  0.008051,  0.014326,  0.013801,  0.009295,  0.014326,  0.009179,  0.007238,  0.006981,  0.009179,  0.007238,  0.003779,  0.020222,  0.012094,  0.003779,  0.015672,  0.014727,  0.031874,  0.020919,  0.050693,  0.018721,  0.011905,  0.026005,  0.016900,  0.019539,  0.009622,  0.014792,  0.010773,  0.011379,  0.014751,  0.016121,  0.010970,  0.011758,  0.025431,  0.010115,  0.017543,  0.020582,  0.020222,  0.050943,  0.010924,  0.011421,  0.018721,  0.010912,  0.012991,  0.006981,  0.011515,  0.013710,  0.017572,  0.012976,  0.005590,  0.013710,  0.005590,  0.007678,  0.007506,  0.007501,  0.008160,  0.013153,  0.022104,  0.007506,  0.008496,  0.009835,  0.009179,  0.012437,  0.003065,  0.015454,  0.012539,  0.003065
11,  0.006135,  0.006475,  0.006135,  0.009080,  0.006475,  0.012100,  0.009404,  0.012765,  0.008519,  0.011457,  0.008519,  0.014006,  0.013504,  0.009080,  0.014006,  0.008967,  0.007070,  0.006818,  0.008967,  0.007070,  0.003690,  0.019776,  0.013504,  0.003690,  0.014293,  0.014389,  0.025776,  0.028626,  0.069127,  0.000000,  0.012643,  0.029010,  0.014439,  0.015754,  0.008753,  0.014439,  0.011026,  0.010620,  0.015106,  0.019127,  0.009884,  0.008961,  0.020694,  0.010712,  0.019079,  0.021646,  0.019776,  0.076140,  0.014292,  0.011160,  0.000000,  0.015529,  0.011457,  0.006818,  0.011251,  0.013401,  0.017179,  0.012685,  0.005459,  0.013401,  0.005459,  0.007500,  0.007332,  0.007328,  0.008299,  0.012352,  0.020110,  0.007332,  0.007973,  0.012166,  0.011506,  0.009599,  0.002993,  0.014428,  0.012761,  0.002993
12,  0.006271,  0.006619,  0.006271,  0.009284,  0.006619,  0.013067,  0.008951,  0.012379,  0.008712,  0.012747,  0.008712,  0.014328,  0.013824,  0.009284,  0.014328,  0.009167,  0.007228,  0.006970,  0.009167,  0.007228,  0.003772,  0.020233,  0.013824,  0.003772,  0.014614,  0.014712,  0.030040,  0.020978,  0.050617,  0.018823,  0.011901,  0.026026,  0.014751,  0.019559,  0.009623,  0.014751,  0.010765,  0.011371,  0.014756,  0.016130,  0.010955,  0.011757,  0.025438,  0.010101,  0.017572,  0.020598,  0.020233,  0.050978,  0.010895,  0.011411,  0.018823,  0.010894,  0.012976,  0.006970,  0.011504,  0.013706,  0.017573,  0.012976,  0.005580,  0.013706,  0.005580,  0.007668,  0.007495,  0.007491,  0.008151,  0.013151,  0.022129,  0.007495,  0.008486,  0.009824,  0.009174,  0.012428,  0.003058,  0.015459,  0.012536,  0.003058
13,  0.006107,  0.006445,  0.006107,  0.009043,  0.006445,  0.010729,  0.009375,  0.012734,  0.007835,  0.011417,  0.008488,  0.013963,  0.011795,  0.009043,  0.013963,  0.008929,  0.007039,  0.006787,  0.008929,  0.007039,  0.003673,  0.019722,  0.013480,  0.003673,  0.014236,  0.015361,  0.025718,  0.024606,  0.075614,  0.000000,  0.012600,  0.030819,  0.014359,  0.015713,  0.007416,  0.016435,  0.010985,  0.010580,  0.015063,  0.019079,  0.009841,  0.008931,  0.020627,  0.010665,  0.017124,  0.021593,  0.019722,  0.075989,  0.015464,  0.011115,  0.000000,  0.015464,  0.012645,  0.006787,  0.011206,  0.013355,  0.017125,  0.012645,  0.005433,  0.013355,  0.005433,  0.007468,  0.007299,  0.007296,  0.008264,  0.012310,  0.020062,  0.007299,  0.007940,  0.012117,  0.011466,  0.009561,  0.002978,  0.014385,  0.012719,  0.002978
14,  0.006142,  0.006482,  0.006142,  0.009096,  0.006482,  0.012810,  0.007461,  0.010796,  0.008536,  0.012496,  0.007882,  0.014051,  0.013558,  0.009096,  0.014051,  0.008981,  0.007080,  0.006826,  0.008981,  0.007080,  0.003694,  0.019847,  0.011875,  0.003694,  0.015354,  0.014425,  0.031378,  0.024603,  0.069516,  0.000000,  0.011667,  0.025560,  0.016522,  0.019192,  0.009428,  0.014453,  0.010550,  0.011144,  0.014472,  0.015823,  0.010731,  0.011528,  0.028983,  0.009894,  0.019164,  0.020208,  0.019847,  0.069889,  0.014323,  0.011181,  0.000000,  0.014323,  0.011479,  0.006826,  0.011273,  0.013437,  0.019165,  0.011479,  0.005465,  0.013437,  0.005465,  0.007511,  0.007342,  0.007338,  0.007985,  0.012893,  0.021715,  0.007342,  0.008314,  0.009625,  0.008993,  0.012180,  0.002994,  0.015162,  0.012290,  0.002994
15,  0.006260,  0.006608,  0.006260,  0.009272,  0.006608,  0.011006,  0.009613,  0.013064,  0.008034,  0.011712,  0.008703,  0.014329,  0.012104,  0.009272,  0.014329,  0.009155,  0.007217,  0.006958,  0.009155,  0.007217,  0.003765,  0.020241,  0.013833,  0.003765,  0.014606,  0.015761,  0.026429,  0.025299,  0.050714,  0.018815,  0.012927,  0.031671,  0.014726,  0.016130,  0.007604,  0.016855,  0.011267,  0.010851,  0.015459,  0.019586,  0.010089,  0.009163,  0.021208,  0.010935,  0.017589,  0.022167,  0.020241,  0.051077,  0.010884,  0.011399,  0.018815,  0.010884,  0.012965,  0.006958,  0.011492,  0.013701,  0.017590,  0.012965,  0.005570,  0.013701,  0.005570,  0.007657,  0.007484,  0.007480,  0.008474,  0.012630,  0.020596,  0.007484,  0.008141,  0.012426,  0.011764,  0.009805,  0.003052,  0.014763,  0.013049,  0.003052
16,  0.006096,  0.006434,  0.006096,  0.009031,  0.006434,  0.012724,  0.007407,  0.010723,  0.008475,  0.012412,  0.007826,  0.013960,  0.013471,  0.009031,  0.013960,  0.008916,  0.007028,  0.006776,  0.008916,  0.007028,  0.003666,  0.019724,  0.011798,  0.003666,  0.015255,  0.014330,  0.031226,  0.020468,  0.075777,  0.000000,  0.011589,  0.025427,  0.016408,  0.019077,  0.009361,  0.014352,  0.010477,  0.011067,  0.014380,  0.015725,  0.010653,  0.011452,  0.024838,  0.009822,  0.017136,  0.020086,  0.019724,  0.076155,  0.015454,  0.011102,  0.000000,  0.015453,  0.012632,  0.006776,  0.011194,  0.013347,  0.017136,  0.012632,  0.005424,  0.013347,  0.005424,  0.007457,  0.007288,  0.007285,  0.007928,  0.012808,  0.021586,  0.007288,  0.008254,  0.009556,  0.008932,  0.012095,  0.002971,  0.015066,  0.012209,  0.002971
17,  0.006255,  0.006602,  0.006255,  0.009267,  0.006602,  0.012379,  0.009608,  0.013062,  0.008698,  0.011709,  0.008698,  0.014330,  0.013833,  0.009267,  0.014330,  0.009150,  0.007212,  0.006953,  0.009150,  0.007212,  0.003762,  0.020246,  0.013833,  0.003762,  0.014606,  0.014704,  0.026462,  0.029413,  0.050720,  0.014046,  0.012925,  0.029780,  0.014719,  0.016134,  0.008941,  0.014720,  0.011263,  0.010847,  0.015461,  0.019593,  0.010081,  0.009161,  0.021201,  0.010928,  0.019561,  0.022175,  0.020246,  0.051085,  0.010875,  0.011393,  0.018874,  0.010875,  0.011698,  0.006953,  0.011487,  0.013699,  0.017588,  0.012966,  0.005565,  0.013699,  0.005565,  0.007652,  0.007478,  0.007476,  0.008469,  0.012628,  0.020604,  0.007478,  0.008137,  0.012421,  0.011762,  0.009800,  0.003048,  0.014764,  0.013048,  0.003048
18,  0.006092,  0.006430,  0.006092,  0.009027,  0.006430,  0.012731,  0.008710,  0.012731,  0.008474,  0.012410,  0.008474,  0.013961,  0.013483,  0.009027,  0.013961,  0.008912,  0.007024,  0.006772,  0.008912,  0.007024,  0.003663,  0.019728,  0.013483,  0.003663,  0.014226,  0.014322,  0.029380,  0.020498,  0.075810,  0.000000,  0.012595,  0.025432,  0.014331,  0.019084,  0.008710,  0.014332,  0.010474,  0.010565,  0.014382,  0.016428,  0.010647,  0.011452,  0.024835,  0.010646,  0.017150,  0.019554,  0.019728,  0.076190,  0.015445,  0.011098,  0.000000,  0.015445,  0.012625,  0.006772,  0.011189,  0.013346,  0.017135,  0.012632,  0.005420,  0.013346,  0.005420,  0.007453,  0.007284,  0.007281,  0.007924,  0.012301,  0.021595,  0.007284,  0.007925,  0.009552,  0.008930,  0.012091,  0.002968,  0.014383,  0.012208,  0.002968
19,  0.006251,  0.006599,  0.006251,  0.009263,  0.006599,  0.011696,  0.008939,  0.012384,  0.008028,  0.012740,  0.008697,  0.014331,  0.012114,  0.009263,  0.014331,  0.009145,  0.007208,  0.006949,  0.009145,  0.007208,  0.003759,  0.020250,  0.013845,  0.003759,  0.014599,  0.015754,  0.026469,  0.025331,  0.050727,  0.018878,  0.011895,  0.028017,  0.014701,  0.016856,  0.008269,  0.016827,  0.010748,  0.011354,  0.014761,  0.016139,  0.010928,  0.009160,  0.029637,  0.010076,  0.017601,  0.022730,  0.020250,  0.051093,  0.010868,  0.011390,  0.014081,  0.010868,  0.012959,  0.006949,  0.011483,  0.013698,  0.019560,  0.011699,  0.005562,  0.013698,  0.005562,  0.007649,  0.007474,  0.007472,  0.008132,  0.013143,  0.022176,  0.007474,  0.008466,  0.012417,  0.009161,  0.012416,  0.003046,  0.015464,  0.012529,  0.003046
20,  0.006089,  0.006427,  0.006089,  0.009023,  0.006427,  0.012733,  0.007402,  0.011396,  0.008470,  0.012414,  0.007821,  0.013962,  0.013482,  0.009023,  0.013962,  0.008908,  0.007021,  0.006768,  0.008908,  0.007021,  0.003661,  0.019731,  0.011806,  0.003661,  0.015248,  0.014322,  0.027660,  0.024696,  0.075836,  0.000000,  0.012593,  0.029027,  0.016385,  0.016417,  0.008706,  0.014328,  0.010469,  0.010562,  0.014380,  0.019090,  0.010646,  0.008919,  0.020700,  0.010641,  0.017147,  0.021623,  0.019731,  0.076217,  0.015438,  0.011094,  0.000000,  0.015438,  0.012626,  0.006768,  0.011186,  0.013344,  0.017147,  0.012626,  0.005417,  0.013344,  0.005417,  0.007450,  0.007280,  0.007278,  0.007920,  0.012300,  0.019553,  0.007280,  0.007921,  0.012102,  0.011452,  0.009548,  0.002966,  0.014384,  0.012204,  0.002966
21,  0.006166,  0.006508,  0.006166,  0.009138,  0.006508,  0.010864,  0.009477,  0.012897,  0.007919,  0.011556,  0.008579,  0.014142,  0.011953,  0.009138,  0.014142,  0.009021,  0.007110,  0.006854,  0.009021,  0.007110,  0.003708,  0.019986,  0.013661,  0.003708,  0.014406,  0.015546,  0.029770,  0.020764,  0.076972,  0.000000,  0.012757,  0.027671,  0.014504,  0.018628,  0.007495,  0.016602,  0.011107,  0.010696,  0.015257,  0.016637,  0.009942,  0.011593,  0.025209,  0.010778,  0.017366,  0.019818,  0.019986,  0.050424,  0.015649,  0.011236,  0.018670,  0.010719,  0.012789,  0.006854,  0.011328,  0.013516,  0.017366,  0.012789,  0.005486,  0.013516,  0.005486,  0.007545,  0.007373,  0.007370,  0.008350,  0.012457,  0.022430,  0.007373,  0.008022,  0.009675,  0.009039,  0.012249,  0.003004,  0.014568,  0.012871,  0.003004
22,  0.006165,  0.006508,  0.006165,  0.009138,  0.006508,  0.012896,  0.008819,  0.012224,  0.008577,  0.012573,  0.008580,  0.014144,  0.013657,  0.009138,  0.014144,  0.009021,  0.007110,  0.006853,  0.009021,  0.007110,  0.003707,  0.019989,  0.013667,  0.003707,  0.014405,  0.014509,  0.026131,  0.025007,  0.050167,  0.018619,  0.011740,  0.029426,  0.014499,  0.016634,  0.009475,  0.014511,  0.010603,  0.011201,  0.014568,  0.018640,  0.010780,  0.009035,  0.020961,  0.009939,  0.017367,  0.022448,  0.019989,  0.077229,  0.010728,  0.011236,  0.000000,  0.015632,  0.012791,  0.006853,  0.011328,  0.013516,  0.017367,  0.012791,  0.005485,  0.013516,  0.005485,  0.007544,  0.007372,  0.007370,  0.008021,  0.012969,  0.019811,  0.007372,  0.008351,  0.012256,  0.011600,  0.009669,  0.003003,  0.015262,  0.012362,  0.003003
23,  0.006104,  0.006443,  0.006104,  0.009047,  0.006443,  0.012102,  0.008077,  0.010760,  0.008493,  0.011442,  0.007842,  0.014006,  0.013528,  0.009047,  0.014006,  0.008931,  0.007039,  0.006785,  0.008931,  0.007039,  0.003670,  0.019795,  0.011845,  0.003670,  0.015293,  0.014364,  0.031382,  0.020555,  0.076240,  0.000000,  0.011622,  0.025533,  0.016426,  0.018453,  0.009385,  0.014363,  0.010998,  0.011091,  0.015111,  0.015778,  0.009842,  0.011481,  0.028997,  0.009839,  0.017196,  0.020170,  0.019795,  0.069798,  0.015492,  0.011125,  0.000000,  0.014243,  0.012667,  0.006785,  0.011216,  0.013384,  0.019126,  0.011428,  0.005430,  0.013384,  0.005430,  0.007469,  0.007299,  0.007297,  0.008267,  0.012843,  0.022219,  0.007299,  0.008268,  0.009578,  0.008951,  0.012128,  0.002973,  0.015116,  0.012747,  0.002973
24,  0.006244,  0.006591,  0.006244,  0.009256,  0.006591,  0.011695,  0.008932,  0.013068,  0.008022,  0.012737,  0.008690,  0.014331,  0.012115,  0.009256,  0.014331,  0.009137,  0.007201,  0.006941,  0.009137,  0.007201,  0.003755,  0.020255,  0.013846,  0.003755,  0.014595,  0.015750,  0.026494,  0.025328,  0.050825,  0.018901,  0.012923,  0.031750,  0.014689,  0.016856,  0.007594,  0.016813,  0.010742,  0.010837,  0.014761,  0.019602,  0.010918,  0.009154,  0.021258,  0.010914,  0.017594,  0.022200,  0.020255,  0.051146,  0.010865,  0.011382,  0.018901,  0.010860,  0.012961,  0.006941,  0.011475,  0.013694,  0.017605,  0.012955,  0.005555,  0.013694,  0.005555,  0.007642,  0.007467,  0.007465,  0.008125,  0.012623,  0.020076,  0.007467,  0.008126,  0.012414,  0.011753,  0.009794,  0.003042,  0.014765,  0.012525,  0.003042
25,  0.006102,  0.006441,  0.006102,  0.009046,  0.006441,  0.012773,  0.008730,  0.012776,  0.008492,  0.012451,  0.008494,  0.014007,  0.013529,  0.009046,  0.014007,  0.008930,  0.007038,  0.006783,  0.008930,  0.007038,  0.003669,  0.019799,  0.013537,  0.003669,  0.014263,  0.014365,  0.025884,  0.028806,  0.069434,  0.000000,  0.012633,  0.025551,  0.014351,  0.016472,  0.008728,  0.014362,  0.010497,  0.010590,  0.014427,  0.016483,  0.010671,  0.008943,  0.024987,  0.010668,  0.019126,  0.021706,  0.019799,  0.076573,  0.014239,  0.011123,  0.000000,  0.015480,  0.011430,  0.006783,  0.011215,  0.013384,  0.017207,  0.012663,  0.005429,  0.013384,  0.005429,  0.007468,  0.007297,  0.007295,  0.007940,  0.012336,  0.021686,  0.007297,  0.007941,  0.012138,  0.008951,  0.012126,  0.002972,  0.014430,  0.012241,  0.002972
26,  0.006242,  0.006589,  0.006242,  0.009254,  0.006589,  0.012384,  0.008262,  0.011010,  0.008688,  0.011708,  0.008022,  0.014331,  0.013845,  0.009254,  0.014331,  0.009135,  0.007200,  0.006939,  0.009135,  0.007200,  0.003754,  0.020257,  0.012122,  0.003754,  0.015646,  0.014695,  0.032119,  0.021060,  0.050783,  0.018932,  0.011892,  0.029837,  0.016800,  0.018880,  0.009599,  0.014688,  0.011250,  0.011345,  0.015462,  0.018893,  0.010067,  0.011743,  0.021251,  0.010064,  0.017603,  0.020647,  0.020257,  0.051149,  0.010856,  0.011379,  0.018933,  0.010856,  0.012956,  0.006939,  0.011473,  0.013693,  0.017603,  0.012956,  0.005554,  0.013693,  0.005554,  0.007640,  0.007465,  0.007463,  0.008456,  0.013139,  0.020628,  0.007465,  0.008457,  0.009801,  0.011753,  0.009792,  0.003040,  0.015466,  0.013041,  0.003040
27,  0.006080,  0.006418,  0.006080,  0.009014,  0.006418,  0.012065,  0.009352,  0.012732,  0.008464,  0.011403,  0.008464,  0.013962,  0.013491,  0.009014,  0.013962,  0.008899,  0.007013,  0.006759,  0.008899,  0.007013,  0.003656,  0.019736,  0.013492,  0.003656,  0.014218,  0.014314,  0.025818,  0.024711,  0.075953,  0.000000,  0.012591,  0.025468,  0.014304,  0.015722,  0.008701,  0.014305,  0.010960,  0.010554,  0.015066,  0.016432,  0.009805,  0.008914,  0.024899,  0.010630,  0.017148,  0.021638,  0.019736,  0.076335,  0.015426,  0.011085,  0.000000,  0.015426,  0.012623,  0.006759,  0.011176,  0.013340,  0.017148,  0.012623,  0.005409,  0.013340,  0.005409,  0.007442,  0.007271,  0.007270,  0.008237,  0.012296,  0.022157,  0.007271,  0.007913,  0.012095,  0.008921,  0.012085,  0.002961,  0.014384,  0.012705,  0.002961
28,  0.006179,  0.006523,  0.006179,  0.009161,  0.006523,  0.011582,  0.007517,  0.011582,  0.007941,  0.012610,  0.007941,  0.014191,  0.012001,  0.009161,  0.014191,  0.009044,  0.007127,  0.006869,  0.009044,  0.007127,  0.003716,  0.020060,  0.012002,  0.003716,  0.015493,  0.015592,  0.031826,  0.024939,  0.070399,  0.000000,  0.012799,  0.031462,  0.016634,  0.019405,  0.007517,  0.016635,  0.010634,  0.010726,  0.014619,  0.019421,  0.010805,  0.011628,  0.025131,  0.010805,  0.019384,  0.019899,  0.020060,  0.050648,  0.014424,  0.011266,  0.013971,  0.010746,  0.011576,  0.006869,  0.011359,  0.013558,  0.019384,  0.011576,  0.005498,  0.013558,  0.005498,  0.007563,  0.007390,  0.007388,  0.008042,  0.012496,  0.019885,  0.007390,  0.008042,  0.009702,  0.011638,  0.009694,  0.003009,  0.014619,  0.012401,  0.003009
29,  0.006158,  0.006500,  0.006158,  0.009130,  0.006500,  0.012899,  0.008811,  0.012220,  0.008572,  0.012570,  0.008572,  0.014144,  0.013666,  0.009130,  0.014144,  0.009013,  0.007103,  0.006845,  0.009013,  0.007103,  0.003703,  0.019994,  0.013666,  0.003703,  0.014403,  0.014501,  0.026168,  0.025051,  0.050154,  0.018669,  0.011737,  0.025811,  0.014489,  0.016637,  0.009471,  0.014490,  0.010597,  0.011194,  0.014569,  0.015942,  0.010769,  0.009030,  0.025243,  0.009930,  0.017378,  0.022464,  0.019994,  0.077336,  0.010713,  0.011228,  0.000000,  0.015623,  0.012783,  0.006845,  0.011320,  0.013512,  0.017379,  0.012783,  0.005478,  0.013512,  0.005478,  0.007537,  0.007365,  0.007363,  0.008014,  0.012965,  0.021903,  0.007365,  0.008343,  0.012250,  0.009037,  0.012240,  0.002999,  0.015263,  0.012359,  0.002999
30,  0.006157,  0.006500,  0.006157,  0.009129,  0.006500,  0.010864,  0.009471,  0.012899,  0.007913,  0.011552,  0.008572,  0.014144,  0.011960,  0.009129,  0.014144,  0.009012,  0.007102,  0.006845,  0.009012,  0.007102,  0.003702,  0.019995,  0.013669,  0.003702,  0.014401,  0.015541,  0.029825,  0.020790,  0.077006,  0.000000,  0.012755,  0.031373,  0.014484,  0.018639,  0.007490,  0.016579,  0.011100,  0.010689,  0.015261,  0.019358,  0.009930,  0.011590,  0.020983,  0.010766,  0.017377,  0.019834,  0.019995,  0.050481,  0.015627,  0.011227,  0.018706,  0.010707,  0.012784,  0.006845,  0.011319,  0.013512,  0.017377,  0.012784,  0.005478,  0.013512,  0.005478,  0.007536,  0.007364,  0.007362,  0.008342,  0.012454,  0.020364,  0.007364,  0.008014,  0.009668,  0.011599,  0.009660,  0.002998,  0.014571,  0.012869,  0.002998
31,  0.006157,  0.006499,  0.006157,  0.009129,  0.006499,  0.012897,  0.008812,  0.012223,  0.008571,  0.012569,  0.008573,  0.014144,  0.013665,  0.009129,  0.014144,  0.009011,  0.007102,  0.006844,  0.009011,  0.007102,  0.003702,  0.019996,  0.013672,  0.003702,  0.014400,  0.014502,  0.026170,  0.029123,  0.050154,  0.013911,  0.011736,  0.025823,  0.014480,  0.016640,  0.009470,  0.014489,  0.010596,  0.011193,  0.014570,  0.015944,  0.010767,  0.009030,  0.025237,  0.009928,  0.019327,  0.022466,  0.019996,  0.077349,  0.010710,  0.011226,  0.000000,  0.015620,  0.011534,  0.006844,  0.011319,  0.013512,  0.017377,  0.012784,  0.005477,  0.013512,  0.005477,  0.007536,  0.007363,  0.007362,  0.008013,  0.012965,  0.021907,  0.007363,  0.008342,  0.012248,  0.009037,  0.012239,  0.002998,  0.015264,  0.012359,  0.002998
32,  0.006096,  0.006435,  0.006096,  0.009039,  0.006435,  0.012775,  0.007418,  0.011432,  0.008487,  0.012448,  0.007836,  0.014007,  0.013535,  0.009039,  0.014007,  0.008923,  0.007032,  0.006777,  0.008923,  0.007032,  0.003666,  0.019802,  0.011849,  0.003666,  0.015289,  0.014359,  0.031433,  0.020601,  0.076265,  0.000000,  0.012630,  0.025560,  0.016408,  0.019162,  0.008725,  0.014344,  0.010492,  0.010585,  0.014427,  0.016484,  0.010663,  0.011478,  0.029046,  0.010660,  0.017215,  0.019643,  0.019802,  0.069867,  0.015472,  0.011117,  0.000000,  0.014229,  0.012656,  0.006777,  0.011208,  0.013380,  0.019138,  0.011423,  0.005423,  0.013380,  0.005423,  0.007462,  0.007291,  0.007290,  0.007934,  0.012333,  0.021699,  0.007291,  0.007935,  0.009572,  0.008946,  0.012123,  0.002969,  0.014430,  0.012238,  0.002969
33,  0.006237,  0.006584,  0.006237,  0.009248,  0.006584,  0.011009,  0.009595,  0.012383,  0.008016,  0.011705,  0.008684,  0.014331,  0.012120,  0.009248,  0.014331,  0.009129,  0.007194,  0.006933,  0.009129,  0.007194,  0.003750,  0.020261,  0.013852,  0.003750,  0.014591,  0.015745,  0.026527,  0.025390,  0.050816,  0.018938,  0.011891,  0.031789,  0.014672,  0.016147,  0.008258,  0.016794,  0.011245,  0.011340,  0.015464,  0.018896,  0.010060,  0.009150,  0.021282,  0.010057,  0.017612,  0.022765,  0.020261,  0.051183,  0.010849,  0.011374,  0.018939,  0.010849,  0.012950,  0.006933,  0.011467,  0.013690,  0.017612,  0.012950,  0.005549,  0.013690,  0.005549,  0.007635,  0.007459,  0.007458,  0.008451,  0.013137,  0.020641,  0.007459,  0.008452,  0.012408,  0.011748,  0.009789,  0.003037,  0.015467,  0.013039,  0.003037
34,  0.006075,  0.006413,  0.006075,  0.009009,  0.006413,  0.012731,  0.008696,  0.012733,  0.008458,  0.012406,  0.008460,  0.013961,  0.013490,  0.009009,  0.013961,  0.008892,  0.007008,  0.006753,  0.008892,  0.007008,  0.003653,  0.019738,  0.013496,  0.003653,  0.014212,  0.014312,  0.029455,  0.020527,  0.076020,  0.000000,  0.012588,  0.029106,  0.014289,  0.019101,  0.008695,  0.014297,  0.010457,  0.010549,  0.014381,  0.019112,  0.010626,  0.011440,  0.020719,  0.010623,  0.017156,  0.019580,  0.019738,  0.076403,  0.015418,  0.011079,  0.000000,  0.015418,  0.012616,  0.006753,  0.011170,  0.013336,  0.017156,  0.012616,  0.005405,  0.013336,  0.005405,  0.007437,  0.007266,  0.007265,  0.007907,  0.012292,  0.019566,  0.007266,  0.007908,  0.009539,  0.011448,  0.009533,  0.002958,  0.014384,  0.012197,  0.002958
35,  0.006175,  0.006518,  0.006175,  0.009156,  0.006518,  0.012262,  0.009502,  0.012264,  0.008598,  0.011589,  0.008599,  0.014191,  0.013714,  0.009156,  0.014191,  0.009038,  0.007123,  0.006864,  0.009038,  0.007123,  0.003713,  0.020063,  0.013721,  0.003713,  0.014444,  0.014546,  0.026267,  0.029228,  0.070441,  0.000000,  0.011773,  0.025915,  0.014520,  0.015989,  0.009501,  0.014528,  0.011134,  0.011228,  0.015313,  0.015998,  0.009959,  0.009060,  0.029428,  0.009957,  0.019394,  0.022544,  0.020063,  0.050679,  0.014416,  0.011261,  0.013971,  0.010740,  0.011570,  0.006864,  0.011354,  0.013555,  0.019394,  0.011570,  0.005493,  0.013555,  0.005493,  0.007559,  0.007385,  0.007384,  0.008367,  0.013007,  0.022528,  0.007385,  0.008368,  0.012285,  0.009066,  0.012276,  0.003007,  0.015316,  0.012910,  0.003007
36,  0.006154,  0.006496,  0.006154,  0.009125,  0.006496,  0.011542,  0.007490,  0.011544,  0.007910,  0.012567,  0.007911,  0.014144,  0.011962,  0.009125,  0.014144,  0.009008,  0.007098,  0.006841,  0.009008,  0.007098,  0.003700,  0.019997,  0.011967,  0.003700,  0.015435,  0.015538,  0.031755,  0.020806,  0.050176,  0.018677,  0.012752,  0.031397,  0.016561,  0.019353,  0.007488,  0.016569,  0.010593,  0.010686,  0.014569,  0.019363,  0.010763,  0.011590,  0.021002,  0.010760,  0.017386,  0.019837,  0.019997,  0.077405,  0.010706,  0.011223,  0.000000,  0.015617,  0.012778,  0.006841,  0.011315,  0.013510,  0.017386,  0.012778,  0.005475,  0.013510,  0.005475,  0.007533,  0.007360,  0.007359,  0.008010,  0.012453,  0.019824,  0.007360,  0.008010,  0.009663,  0.011598,  0.009656,  0.002996,  0.014572,  0.012357,  0.002996
37,  0.006153,  0.006495,  0.006153,  0.009125,  0.006495,  0.012220,  0.009469,  0.012222,  0.008568,  0.011549,  0.008569,  0.014143,  0.013668,  0.009125,  0.014143,  0.009007,  0.007098,  0.006840,  0.009007,  0.007098,  0.003700,  0.019997,  0.013674,  0.003700,  0.014397,  0.014498,  0.026190,  0.025063,  0.077059,  0.000000,  0.011733,  0.025837,  0.014472,  0.015937,  0.009468,  0.014480,  0.011096,  0.011190,  0.015262,  0.015945,  0.009924,  0.009030,  0.025262,  0.009922,  0.017384,  0.022470,  0.019997,  0.050510,  0.015620,  0.011222,  0.018707,  0.010702,  0.012779,  0.006840,  0.011315,  0.013509,  0.017384,  0.012779,  0.005474,  0.013509,  0.005474,  0.007532,  0.007359,  0.007358,  0.008338,  0.012964,  0.022455,  0.007359,  0.008339,  0.012242,  0.009035,  0.012234,  0.002996,  0.015265,  0.012867,  0.002996
38,  0.006153,  0.006495,  0.006153,  0.009124,  0.006495,  0.012899,  0.008810,  0.012901,  0.008568,  0.012567,  0.008569,  0.014144,  0.013670,  0.009124,  0.014144,  0.009007,  0.007098,  0.006840,  0.009007,  0.007098,  0.003699,  0.019998,  0.013676,  0.003699,  0.014395,  0.014497,  0.026181,  0.025070,  0.050175,  0.018695,  0.012752,  0.025827,  0.014469,  0.016641,  0.008809,  0.014477,  0.010592,  0.010686,  0.014570,  0.016649,  0.010761,  0.009027,  0.025270,  0.010759,  0.017383,  0.021931,  0.019998,  0.077410,  0.010704,  0.011222,  0.000000,  0.015614,  0.012779,  0.006840,  0.011314,  0.013510,  0.017384,  0.012779,  0.005474,  0.013510,  0.005474,  0.007532,  0.007359,  0.007358,  0.008009,  0.012453,  0.021917,  0.007359,  0.008010,  0.012245,  0.009033,  0.012237,  0.002996,  0.014573,  0.012357,  0.002996
39,  0.006153,  0.006495,  0.006153,  0.009124,  0.006495,  0.011543,  0.007489,  0.011545,  0.007909,  0.012568,  0.007910,  0.014144,  0.011963,  0.009124,  0.014144,  0.009006,  0.007097,  0.006839,  0.009006,  0.007097,  0.003699,  0.019999,  0.011968,  0.003699,  0.015435,  0.015537,  0.031758,  0.020805,  0.077064,  0.000000,  0.012753,  0.031396,  0.016558,  0.019352,  0.007487,  0.016566,  0.010592,  0.010685,  0.014569,  0.019361,  0.010762,  0.011587,  0.021002,  0.010759,  0.017383,  0.019842,  0.019999,  0.050512,  0.015618,  0.011221,  0.018724,  0.010701,  0.012780,  0.006839,  0.011314,  0.013509,  0.017383,  0.012780,  0.005473,  0.013509,  0.005473,  0.007532,  0.007359,  0.007357,  0.008008,  0.012452,  0.019829,  0.007359,  0.008009,  0.009664,  0.011595,  0.009658,  0.002995,  0.014572,  0.012356,  0.002995
40,  0.006152,  0.006494,  0.006152,  0.009124,  0.006494,  0.012221,  0.009468,  0.012223,  0.008567,  0.011550,  0.008568,  0.014144,  0.013670,  0.009124,  0.014144,  0.009006,  0.007097,  0.006839,  0.009006,  0.007097,  0.003699,  0.019999,  0.013675,  0.003699,  0.014396,  0.014497,  0.026191,  0.029148,  0.050175,  0.013926,  0.011734,  0.025835,  0.014470,  0.015936,  0.009467,  0.014477,  0.011095,  0.011189,  0.015262,  0.015944,  0.009923,  0.009027,  0.025264,  0.009921,  0.019333,  0.022476,  0.019999,  0.077416,  0.010703,  0.011221,  0.000000,  0.015613,  0.011531,  0.006839,  0.011314,  0.013509,  0.017382,  0.012780,  0.005473,  0.013509,  0.005473,  0.007531,  0.007358,  0.007357,  0.008337,  0.012963,  0.022462,  0.007358,  0.008338,  0.012244,  0.009033,  0.012237,  0.002995,  0.015265,  0.012867,  0.002995
41,  0.006092,  0.006431,  0.006092,  0.009035,  0.006431,  0.012775,  0.007415,  0.011432,  0.008484,  0.012445,  0.007833,  0.014007,  0.013539,  0.009035,  0.014007,  0.008918,  0.007028,  0.006772,  0.008918,  0.007028,  0.003663,  0.019805,  0.011851,  0.003663,  0.015286,  0.014355,  0.031461,  0.020612,  0.076318,  0.000000,  0.012629,  0.029206,  0.016397,  0.019166,  0.008722,  0.014333,  0.010488,  0.010581,  0.014428,  0.019175,  0.010656,  0.011475,  0.024841,  0.010654,  0.017218,  0.019650,  0.019805,  0.069906,  0.015464,  0.011112,  0.000000,  0.014221,  0.012653,  0.006772,  0.011203,  0.013378,  0.019144,  0.011419,  0.005420,  0.013378,  0.005420,  0.007458,  0.007286,  0.007285,  0.007930,  0.012331,  0.019638,  0.007286,  0.007931,  0.009569,  0.011482,  0.009563,  0.002966,  0.014431,  0.012236,  0.002966
42,  0.006233,  0.006580,  0.006233,  0.009244,  0.006580,  0.011009,  0.009592,  0.012383,  0.008013,  0.011702,  0.008681,  0.014331,  0.012123,  0.009244,  0.014331,  0.009124,  0.007190,  0.006929,  0.009124,  0.007190,  0.003748,  0.020265,  0.013855,  0.003748,  0.014587,  0.015742,  0.026546,  0.025407,  0.050837,  0.018958,  0.011889,  0.028114,  0.014661,  0.016149,  0.008255,  0.016782,  0.011242,  0.011337,  0.015465,  0.016156,  0.010054,  0.009147,  0.025611,  0.010052,  0.017616,  0.022775,  0.020265,  0.051205,  0.010843,  0.011369,  0.018959,  0.010843,  0.012947,  0.006929,  0.011463,  0.013688,  0.017616,  0.012947,  0.005545,  0.013688,  0.005545,  0.007630,  0.007455,  0.007454,  0.008447,  0.013135,  0.022761,  0.007455,  0.008447,  0.012405,  0.009152,  0.012398,  0.003035,  0.015468,  0.013037,  0.003035
43,  0.006071,  0.006409,  0.006071,  0.009004,  0.006409,  0.012731,  0.008693,  0.012733,  0.008455,  0.012403,  0.008456,  0.013961,  0.013493,  0.009004,  0.013961,  0.008888,  0.007004,  0.006749,  0.008888,  0.007004,  0.003650,  0.019741,  0.013499,  0.003650,  0.014209,  0.014309,  0.029477,  0.020538,  0.076069,  0.000000,  0.012587,  0.029119,  0.014280,  0.019105,  0.008692,  0.014286,  0.010453,  0.010545,  0.014382,  0.019113,  0.010619,  0.011438,  0.020735,  0.010617,  0.017160,  0.019586,  0.019741,  0.076453,  0.015411,  0.011074,  0.000000,  0.015411,  0.012613,  0.006749,  0.011166,  0.013334,  0.017160,  0.012613,  0.005401,  0.013334,  0.005401,  0.007433,  0.007262,  0.007261,  0.007903,  0.012290,  0.019575,  0.007262,  0.007904,  0.009536,  0.011444,  0.009531,  0.002956,  0.014384,  0.012196,  0.002956
44,  0.006171,  0.006514,  0.006171,  0.009152,  0.006514,  0.012262,  0.009500,  0.012264,  0.008595,  0.011586,  0.008596,  0.014191,  0.013718,  0.009152,  0.014191,  0.009034,  0.007119,  0.006860,  0.009034,  0.007119,  0.003710,  0.020066,  0.013723,  0.003710,  0.014442,  0.014543,  0.026285,  0.029249,  0.070470,  0.000000,  0.011772,  0.025925,  0.014512,  0.015991,  0.009498,  0.014519,  0.011131,  0.011225,  0.015314,  0.015998,  0.009954,  0.009057,  0.029455,  0.009952,  0.019399,  0.022552,  0.020066,  0.050701,  0.014409,  0.011257,  0.013982,  0.010734,  0.011568,  0.006860,  0.011349,  0.013553,  0.019399,  0.011568,  0.005490,  0.013553,  0.005490,  0.007555,  0.007381,  0.007380,  0.008363,  0.013006,  0.022539,  0.007381,  0.008364,  0.012282,  0.009062,  0.012275,  0.003004,  0.015316,  0.012909,  0.003004
45,  0.006150,  0.006492,  0.006150,  0.009122,  0.006492,  0.011542,  0.007487,  0.011544,  0.007907,  0.012565,  0.007908,  0.014144,  0.011964,  0.009122,  0.014144,  0.009003,  0.007095,  0.006837,  0.009003,  0.007095,  0.003698,  0.020000,  0.011969,  0.003698,  0.015433,  0.015535,  0.031778,  0.020815,  0.050190,  0.018698,  0.012751,  0.031411,  0.016552,  0.019356,  0.007486,  0.016560,  0.010590,  0.010683,  0.014570,  0.019364,  0.010757,  0.011588,  0.021016,  0.010755,  0.017388,  0.019843,  0.020000,  0.077454,  0.010701,  0.011219,  0.000000,  0.015611,  0.012776,  0.006837,  0.011311,  0.013508,  0.017388,  0.012776,  0.005471,  0.013508,  0.005471,  0.007529,  0.007356,  0.007355,  0.008006,  0.012451,  0.019832,  0.007356,  0.008007,  0.009660,  0.011594,  0.009655,  0.002994,  0.014573,  0.012355,  0.002994
46,  0.006150,  0.006492,  0.006150,  0.009121,  0.006492,  0.012899,  0.008806,  0.012222,  0.008565,  0.012566,  0.008566,  0.014144,  0.013671,  0.009121,  0.014144,  0.009003,  0.007095,  0.006837,  0.009003,  0.007095,  0.003698,  0.020000,  0.013676,  0.003698,  0.014394,  0.014495,  0.026205,  0.025077,  0.077098,  0.000000,  0.011732,  0.025845,  0.014464,  0.016647,  0.009465,  0.014470,  0.010589,  0.011187,  0.014570,  0.015945,  0.010758,  0.009027,  0.025281,  0.009917,  0.017387,  0.022478,  0.020000,  0.050531,  0.015614,  0.011218,  0.018722,  0.010697,  0.012776,  0.006837,  0.011311,  0.013508,  0.017387,  0.012776,  0.005471,  0.013508,  0.005471,  0.007529,  0.007356,  0.007355,  0.008006,  0.012962,  0.021920,  0.007356,  0.008335,  0.012240,  0.009032,  0.012233,  0.002994,  0.015266,  0.012355,  0.002994
47,  0.006150,  0.006492,  0.006150,  0.009121,  0.006492,  0.012222,  0.009467,  0.012901,  0.008565,  0.011548,  0.008566,  0.014144,  0.013673,  0.009121,  0.014144,  0.009003,  0.007094,  0.006836,  0.009003,  0.007094,  0.003697,  0.020001,  0.013678,  0.003697,  0.014393,  0.014494,  0.026197,  0.025083,  0.050189,  0.018712,  0.012751,  0.029505,  0.014462,  0.015936,  0.008806,  0.014468,  0.011093,  0.010683,  0.015263,  0.019365,  0.009920,  0.009025,  0.021010,  0.010754,  0.017387,  0.021937,  0.020001,  0.077457,  0.010699,  0.011218,  0.000000,  0.015609,  0.012777,  0.006836,  0.011311,  0.013508,  0.017387,  0.012777,  0.005471,  0.013508,  0.005471,  0.007529,  0.007356,  0.007355,  0.008334,  0.012451,  0.020377,  0.007356,  0.008006,  0.012242,  0.011594,  0.009654,  0.002994,  0.014573,  0.012865,  0.002994
